{
  "accuracy": 0.7285714285714285,
  "f1_score": 0.7191730435885512,
  "training_time": 0.16765832901000977,
  "test_size": 70,
  "train_size": null,
  "timestamp": "2025-08-04T19:08:16.770436"
}