{
  "cv_mean_accuracy": 0.708051948051948,
  "cv_std_accuracy": 0.06448133688552142,
  "cv_scores": [
    0.5892857142857143,
    0.6964285714285714,
    0.7636363636363637,
    0.7272727272727273,
    0.7636363636363637
  ],
  "accuracy": 0.7,
  "f1_score": 0.696856414613424,
  "training_time": 0.1539158821105957,
  "test_size": 70.0,
  "train_size": 277.0,
  "timestamp": "2025-08-07T15:53:17.755255"
}